{
    "test": {
        "bank_e_classification_report": "              precision    recall  f1-score   support\n\n      denied       0.96      0.69      0.80       607\n     success       0.74      0.97      0.84       569\n\n    accuracy                           0.82      1176\n   macro avg       0.85      0.83      0.82      1176\nweighted avg       0.86      0.82      0.82      1176\n",
        "bank_e_f1": 0.8217919801597937,
        "bank_eROC_AUC": 0.8757828266011934
    }
}
