{
    "test": {
        "bank_e_classification_report": "              precision    recall  f1-score   support\n\n      denied       0.95      0.69      0.80       607\n     success       0.74      0.96      0.84       569\n\n    accuracy                           0.82      1176\n   macro avg       0.85      0.82      0.82      1176\nweighted avg       0.85      0.82      0.82      1176\n",
        "bank_e_f1": 0.8167654949075837,
        "bank_eROC_AUC": 0.8671098461707728
    }
}
