{
    "test": {
        "bank_b_classification_report": "              precision    recall  f1-score   support\n\n      denied       0.90      0.78      0.84       900\n     success       0.80      0.91      0.85       853\n\n    accuracy                           0.85      1753\n   macro avg       0.85      0.85      0.85      1753\nweighted avg       0.85      0.85      0.85      1753\n",
        "bank_b_f1": 0.8455188765371843,
        "ROC_AUC": 0.9056467370066432
    }
}
