{
    "test": {
        "bank_e_classification_report": "              precision    recall  f1-score   support\n\n      denied       0.97      0.69      0.81       593\n     success       0.76      0.98      0.85       584\n\n    accuracy                           0.83      1177\n   macro avg       0.86      0.84      0.83      1177\nweighted avg       0.86      0.83      0.83      1177\n",
        "bank_e_f1": 0.8311110690996297,
        "bank_eROC_AUC": 0.8657872092217422
    }
}
