{
    "test": {
        "bank_d_classification_report": "              precision    recall  f1-score   support\n\n      denied       0.91      0.80      0.85       878\n     success       0.82      0.92      0.87       888\n\n    accuracy                           0.86      1766\n   macro avg       0.87      0.86      0.86      1766\nweighted avg       0.87      0.86      0.86      1766\n",
        "bank_d_f1": 0.860728983654117,
        "bank_dROC_AUC": 0.918532855178641
    }
}
