{
    "train": {
        "classification_report": "              precision    recall  f1-score   support\n\n      denied       1.00      1.00      1.00      3482\n     success       1.00      1.00      1.00      3529\n\n    accuracy                           1.00      7011\n   macro avg       1.00      1.00      1.00      7011\nweighted avg       1.00      1.00      1.00      7011\n",
        "f1": 1.0
    },
    "ROC_AUC": 1.0,
    "test": {
        "classification_report": "              precision    recall  f1-score   support\n\n      denied       0.91      0.77      0.84       900\n     success       0.79      0.92      0.85       853\n\n    accuracy                           0.84      1753\n   macro avg       0.85      0.85      0.84      1753\nweighted avg       0.85      0.84      0.84      1753\n",
        "f1": 0.8442016288727826,
        "ROC_AUC": 0.9121349485476098
    }
}
