{
    "test": {
        "bank_a_classification_report": "              precision    recall  f1-score   support\n\n      denied       0.89      0.77      0.82       956\n     success       0.79      0.90      0.84       904\n\n    accuracy                           0.83      1860\n   macro avg       0.84      0.83      0.83      1860\nweighted avg       0.84      0.83      0.83      1860\n",
        "bank_a_f1": 0.8307073071495833,
        "bank_aROC_AUC": 0.8891520022586737
    }
}
