{
    "test": {
        "bank_e_classification_report": "              precision    recall  f1-score   support\n\n      denied       0.98      0.65      0.78       589\n     success       0.74      0.99      0.84       580\n\n    accuracy                           0.82      1169\n   macro avg       0.86      0.82      0.81      1169\nweighted avg       0.86      0.82      0.81      1169\n",
        "bank_e_f1": 0.811790005393919,
        "bank_eROC_AUC": 0.8526227972601136
    }
}
